iter	MultiClass
0	2.084524647
1	1.923373637
2	1.80711394
3	1.705984811
4	1.617816173
5	1.548464969
6	1.489382602
7	1.428006561
8	1.368674949
